id,title,category,views,comments,duration
FALlhXl6CmA,Conan O'Brien Needs a Doctor While Eating Spicy Wings | Hot Ones,Entertainment,1093088,15377,27m 21s
U4JYAx5rNRA,Bridgerton Season 3 | Official Trailer | Netflix,Entertainment,1843549,4473,2m 48s
QJOBC9O4YAk,PSG vs. Barcelona: Extended Highlights | UCL Quarter-Finals 1st Leg | CBS Sports Golazo,Sports,1348229,1727,11m 31s
xy8aJw1vYHo,Joker: Folie √† Deux | Official Teaser Trailer,Film & Animation,16919047,29496,2m 25s
7D0wFf4GqLI,Coming Soon: New Pok√©mon GO Updates,Gaming,279222,1382,0m 15s
BlUxw-0lS94,Season 10: Venture Forth | Overwatch 2 Official Trailer,Gaming,381242,2949,2m 25s
9B9eR0IOK18,Kodak Black - Stressed Out [Official Music Video],Music,636364,5688,4m 14s
8d4mtlZDMo4,Real Madrid vs. Man. City: Extended Highlights | UCL Quarter-Finals 1st Leg | CBS Sports Golazo,Sports,2040788,2421,13m 46s
S8aKWCxiLps,Fortnite x Avatar: Elements - Gameplay Trailer,Gaming,402490,1835,0m 51s
rQovYh9lMBY,Gil's Arena GETS HONEST About Bronny's NBA Chances,Sports,349310,2584,17m 18s
TjVXrw80MfU,I Built The Most Over The Top End Portal In Minecraft Hardcore,Gaming,250691,1922,19m 24s
FpOzMBwjSK0,[4K] BABYMONSTER ‚ÄúSHEESH‚Äù Band LIVE Concert ÏÑ∏ÏÉÅÏùÑ SHEESHÌïòÍ≤å ÎßåÎì§ Î≤†Î™¨ Î∞¥ÎìúÎùºÏù¥Î∏åüòà [it‚Äôs KPOP LIVE ÏûáÏ∏†ÎùºÏù¥Î∏å],Entertainment,2432326,18829,5m 25s
oQkQv1ULyzs,"Kendall Jenner‚Äôs Guide to ‚ÄúSpring French Girl"" Makeup | Beauty Secrets | Vogue",Entertainment,293111,665,11m 27s
4ZCnIOI7zLw,2024 Honorary Starters at the Masters,Sports,196122,299,6m 11s
YQfC90O9HlI,I Built an Invisible Katana (it's indestructible),Entertainment,1001926,2167,22m 2s
u4VwzWu4P8I,Laufey - Goddess (Official Music Video),Music,147813,1950,4m 50s
yHSPofOIGOU,Pawn Stars: These Sellers Are Offered WAY MORE Than Expected,Entertainment,790743,908,20m 25s
JyYQmekPqqI,We made a real DOGDAY Animatronic!,Howto & Style,739791,4729,27m 55s
c2G18nIVpNE,Civil War | Official Final Trailer HD | A24,Film & Animation,3078475,982,1m 1s
j6ucGt_Xp14,Dark Matter ‚Äî Official Trailer | Apple TV+,Entertainment,721543,643,2m 52s
DJN7Jr4FPeA,'HOT DEBUT' BABYMONSTER - SHEESH #Ïó†Ïπ¥Ïö¥Ìä∏Îã§Ïö¥ EP.837 | Mnet 240411 Î∞©ÏÜ°,Gaming,1563950,5103,4m 58s
FjzxI6uf8H8,Speak No Evil | Official Trailer,Entertainment,4064002,1315,2m 56s
F9gq_0HXoRI,410 (OFFICIAL VIDEO) SIDHU MOOSE WALA | SUNNY MALTON,Music,6693751,101895,3m 52s
aVKXPYisye8,"Simon Says survive to win 10,000 v-bucks!",Gaming,614947,772,24m 43s
kmtbk0siRIM,2025 Toyota 4Runner FULL Tour: It's Finally Here!,Autos & Vehicles,815799,3421,27m 49s
1te6zsiN2gM,"Heart Reveal How Their Famous ""Stairway to Heaven"" Performance Happened",Entertainment,260785,151,3m 37s
amHIb5BL6gE,I Cheated With SCARY CAMERA In Build Battle...,Gaming,311599,263,23m 46s
xamGwv3zPCU,"Julian Newman, D‚ÄôAydrian, Paul Pierce vs Josh Richards, Cash Nasty, Demarcus Cousins!",Sports,139216,701,16m 55s
e069XIFk9K4,Everything is gone...,Autos & Vehicles,460250,4269,17m 50s
crGbURdPRsc,We Played a YouTuber Simulator,Gaming,1248128,1391,23m 51s
bv-kwQTU-m8,Monterrey vs. Inter Miami CF Highlights | FOX Soccer,Sports,278833,1773,4m 55s
EoVha2o6Ldk,Jerk Meat Platter from Futurama | Binging with Babish,People & Blogs,223056,359,8m 39s
SrlwvbAMEA0,DThang - Many Opps ( official music video ),People & Blogs,207055,1296,2m 42s
GHiBHgWOzIw,WERE GETTING MARRIED IN....,Howto & Style,149189,596,18m 56s
tcdKEy-aJ6o,Star Wars Outlaws: Official Story Trailer,Gaming,1492087,10873,2m 46s
18jA6-kSg94,SIDEMEN BEING GOOD AT FOOTBALL FOR 7 MINUTES,Gaming,183584,102,13m 13s
dprcKCAmsTI,IT'S WEDDING WEEKEND!!! The Rehearsal & Welcome Party!!,People & Blogs,122350,371,23m 50s
o9Z0gK-QiJc,JOJO SIWA: The Woman Behind The Bow,Entertainment,140798,414,6m 29s
yJ0ctmNvYVk,Open Thoughts with Skinbone..,Entertainment,304110,1386,23m 28s
6VChofV3d0E,Helldivers 2 Review | TRIPLE THE DEFENSE BUDGET | Starship Bloopers,Gaming,946608,3359,15m 15s
kIcZiVNC-sE,The 2025 Toyota 4Runner is HERE! First look,People & Blogs,340881,967,11m 13s
fampr-iP_y4,Final Shape: Prismatic Subclasses. 2 Exotics at once. New enemy types. They actually cooked.,Gaming,252666,1156,20m 51s
yvB5gQVyVtI,Detailed Look! All New 2025 6th Gen Toyota 4Runner TRD Pro!,Autos & Vehicles,117731,801,14m 31s
3qSm4fmEQFA,ASMR Scratching Your Back Until You Sleep,Entertainment,237888,566,26m 7s
fPAeRGBDrBM,DRIVING MARCUS RASHFORDS WRECKED ROLLS ROYCE FOR THE FIRST TIME,Autos & Vehicles,3116854,5121,36m 9s
UJHejXUP4io,I Played My FIRST EVER Professional Game! (Project NFL Ep. 8),Entertainment,981216,1671,18m 12s
F_HOrMmWoMA,"The ""Artificial Intelligence"" Rice Cooker.",Science & Technology,299484,1648,9m 12s
KUT2IstU7Ig,Gift Swap Challenge at Five Below! - Merrell Twins,Comedy,182523,383,22m 3s
8xhehywx29k,J. Cole Apologized,Music,450361,3543,8m 45s
Snz_0-NC_Bo,Surprising Zach With a Giant Shrek Cake,Comedy,398867,1159,21m 9s
U4JYAx5rNRA,Bridgerton Season 3 | Official Trailer | Netflix,Entertainment,1843549,4473,2m 48s
K7BAQZwJmk0,Trossard Rescues Gunners üî¥ | Arsenal 2-2 Bayern Munich | Champions League Quarter-Final Highlights,Sports,1734510,2519,4m 15s
xy8aJw1vYHo,Joker: Folie √† Deux | Official Teaser Trailer,Film & Animation,16919047,29496,2m 25s
F9gq_0HXoRI,410 (OFFICIAL VIDEO) SIDHU MOOSE WALA | SUNNY MALTON,Music,6693751,101895,3m 52s
e069XIFk9K4,Everything is gone...,Autos & Vehicles,460250,4270,17m 50s
fPAeRGBDrBM,DRIVING MARCUS RASHFORDS WRECKED ROLLS ROYCE FOR THE FIRST TIME,Autos & Vehicles,3116854,5121,36m 9s
YQfC90O9HlI,I Built an Invisible Katana (it's indestructible),Entertainment,1001926,2167,22m 2s
FjzxI6uf8H8,Speak No Evil | Official Trailer,Entertainment,4064002,1315,2m 56s
aVKXPYisye8,"Simon Says survive to win 10,000 v-bucks!",Gaming,614947,772,24m 43s
c2G18nIVpNE,Civil War | Official Final Trailer HD | A24,Film & Animation,3078475,982,1m 1s
yHSPofOIGOU,Pawn Stars: These Sellers Are Offered WAY MORE Than Expected,Entertainment,790743,908,20m 25s
JyYQmekPqqI,We made a real DOGDAY Animatronic!,Howto & Style,739791,4729,27m 55s
9B9eR0IOK18,Kodak Black - Stressed Out [Official Music Video],Music,636364,5688,4m 14s
h02ew33tSbI,I Took a Last Minute Cruise on An Old Ship - Worth It?,Entertainment,173496,698,21m 15s
tcdKEy-aJ6o,Star Wars Outlaws: Official Story Trailer,Gaming,1492087,10873,2m 46s
crGbURdPRsc,We Played a YouTuber Simulator,Gaming,1248128,1391,23m 51s
bRoRPiDOtUg,Jailbreaking a Prison Laptop to play Prison Games,Gaming,151625,596,24m 9s
jyIm-_Na8mI,Destiny 2: The Final Shape Developer Gameplay Preview,Gaming,581411,2863,21m 11s
6VChofV3d0E,Helldivers 2 Review | TRIPLE THE DEFENSE BUDGET | Starship Bloopers,Gaming,946608,3359,15m 15s
VHtW6pQksM8,Risk of Rain 2 - Seekers of the Storm Dev Diary #2,Gaming,114718,453,3m 55s
Mv4sOuRWIT0,Total War: WARHAMMER III - Thrones of Decay Announce Trailer,Gaming,560706,2696,2m 0s
UchfadQhX7w,Destiny 2: The Final Shape | Gameplay Trailer,Gaming,413172,1949,2m 3s
WvzZYynDkwA,Heeramandi: The Diamond Bazaar | Sanjay Leela Bhansali | Official Trailer | Netflix India,Entertainment,16329297,6097,3m 12s
61aRJ2zOHxQ,Smiling Friends Season 2 (OFFICIAL TRAILER) | adult swim,Film & Animation,1023851,3974,1m 45s
F_HOrMmWoMA,"The ""Artificial Intelligence"" Rice Cooker.",Science & Technology,299484,1648,9m 12s
LZ1PZCHl134,The Kid LAROI - Hatred (feat. Lil Yachty),Music,287284,1493,2m 53s
wboGYls1Bns,Pushpa 2 The Rule Teaser | Allu Arjun | Sukumar | Rashmika Mandanna | Fahadh Faasil | DSP,Entertainment,106766080,51265,1m 8s
Uzxg_0ZdfMg,CHAOS at Old Trafford! üçø | Manchester United 2-2 Liverpool | Premier League Highlights,Sports,1809234,2777,3m 21s
i7NcPAnnxDk,Roman Reigns vs. Cody Rhodes ‚Äî Bloodline Rules Match: WrestleMania XL Sunday highlights,Sports,8190271,17596,13m 10s
y0uS3t6nFgY,MaXXXine | Official Trailer HD | A24,Film & Animation,2684471,5163,2m 22s
RkwgnlPRdHg,Jon Stewart Interrogates America's Support of Israel & 2024 Solar Eclipse Mania | The Daily Show,Comedy,3387683,7947,13m 47s
sx3YC63y2p8,I Saw the US Solar Eclipse at Totality. Here's What I Found.,Comedy,102289,1402,10m 7s
kIcZiVNC-sE,The 2025 Toyota 4Runner is HERE! First look,People & Blogs,340881,967,11m 13s
F_Rspu3Xoi4,The Beach Boys | Official Trailer,Film & Animation,481715,759,2m 30s
vwS-ig7ULyM,Devin Haney vs. Ryan Garcia | 40 Days Episode 2: Two Different Paths To Superstardom,Sports,302645,860,16m 21s
0L68nC3OVQI,OPENING UP ABOUT MY WEIGHTLOSS... *down 70lbs in 6 months*,Entertainment,151139,499,28m 4s
riNZJxVgMW0,Civil War - Movie Review,Entertainment,244615,1141,8m 16s
8xhehywx29k,J. Cole Apologized,Music,450361,3543,8m 45s
KUT2IstU7Ig,Gift Swap Challenge at Five Below! - Merrell Twins,Comedy,182523,383,22m 3s
U1_0YRwTQr4,Building the Redstone Shop! - Hermitcraft 10 #8,Gaming,353795,1139,26m 46s
8f-S01gjqI8,Transformers: The Last Knight - Cosmonaut Picture Show,Entertainment,335354,1510,34m 51s
av-Nivu1kGM,"Build a Car With Trash, Win $1,000!",Entertainment,3565514,4250,30m 39s
CToHJvXEO_A,Something Needs to Change‚Ä¶ my first week living at home,People & Blogs,300580,2378,38m 11s
06MlcC1T2vo,IShowSpeed at WWE Wrestlemania..,Gaming,2904125,8552,7m 28s
UJHejXUP4io,I Played My FIRST EVER Professional Game! (Project NFL Ep. 8),Entertainment,981216,1671,18m 12s
84QeCD7y_Ds,Buying My Dream Car At 21,Entertainment,410964,1592,4m 45s
v3mTRLpA2Rk,I Built a SECRET McDonald's in My Room!,Entertainment,10733474,9978,24m 41s
UQuIVsNzqDk,"This Invention Made Disney MILLIONS, but Then They LOST It!",Entertainment,1855661,5911,12m 25s
Nn_vOGB3mvE,MADNESS! MANCHESTER UNITED 2-2 LIVERPOOL! GOLDBRIDGE Reaction,Sports,374170,883,32m 32s
8yoUI8BNvAE,Hermitcraft 10: Episode 13 - TRUST THE PROCESS,Gaming,1484651,4405,23m 43s
FALlhXl6CmA,Conan O'Brien Needs a Doctor While Eating Spicy Wings | Hot Ones,Entertainment,1093088,15380,27m 21s
U4JYAx5rNRA,Bridgerton Season 3 | Official Trailer | Netflix,Entertainment,1843549,4473,2m 48s
xy8aJw1vYHo,Joker: Folie √† Deux | Official Teaser Trailer,Film & Animation,16919047,29496,2m 25s
7D0wFf4GqLI,Coming Soon: New Pok√©mon GO Updates,Gaming,279222,1383,0m 15s
BlUxw-0lS94,Season 10: Venture Forth | Overwatch 2 Official Trailer,Gaming,381242,2949,2m 25s
FpOzMBwjSK0,[4K] BABYMONSTER ‚ÄúSHEESH‚Äù Band LIVE Concert ÏÑ∏ÏÉÅÏùÑ SHEESHÌïòÍ≤å ÎßåÎì§ Î≤†Î™¨ Î∞¥ÎìúÎùºÏù¥Î∏åüòà [it‚Äôs KPOP LIVE ÏûáÏ∏†ÎùºÏù¥Î∏å],Entertainment,2432326,18829,5m 25s
oQkQv1ULyzs,"Kendall Jenner‚Äôs Guide to ‚ÄúSpring French Girl"" Makeup | Beauty Secrets | Vogue",Entertainment,293111,665,11m 27s
TjVXrw80MfU,I Built The Most Over The Top End Portal In Minecraft Hardcore,Gaming,250691,1922,19m 24s
S8aKWCxiLps,Fortnite x Avatar: Elements - Gameplay Trailer,Gaming,402490,1835,0m 51s
4ZCnIOI7zLw,2024 Honorary Starters at the Masters,Sports,196122,299,6m 11s
DJN7Jr4FPeA,'HOT DEBUT' BABYMONSTER - SHEESH #Ïó†Ïπ¥Ïö¥Ìä∏Îã§Ïö¥ EP.837 | Mnet 240411 Î∞©ÏÜ°,Gaming,1563950,5103,4m 58s
YQfC90O9HlI,I Built an Invisible Katana (it's indestructible),Entertainment,1001926,2167,22m 2s
yHSPofOIGOU,Pawn Stars: These Sellers Are Offered WAY MORE Than Expected,Entertainment,790743,908,20m 25s
j6ucGt_Xp14,Dark Matter ‚Äî Official Trailer | Apple TV+,Entertainment,721543,643,2m 52s
u4VwzWu4P8I,Laufey - Goddess (Official Music Video),Music,147813,1950,4m 50s
c2G18nIVpNE,Civil War | Official Final Trailer HD | A24,Film & Animation,3078475,982,1m 1s
1te6zsiN2gM,"Heart Reveal How Their Famous ""Stairway to Heaven"" Performance Happened",Entertainment,260785,151,3m 37s
FjzxI6uf8H8,Speak No Evil | Official Trailer,Entertainment,4064002,1315,2m 56s
JyYQmekPqqI,We made a real DOGDAY Animatronic!,Howto & Style,739791,4729,27m 55s
frM1_rmltU8,"The 8K Era Is Here - Our Next Camera, April 16",Science & Technology,105078,5677,0m 38s
rQovYh9lMBY,Gil's Arena GETS HONEST About Bronny's NBA Chances,Sports,349310,2584,17m 18s
9B9eR0IOK18,Kodak Black - Stressed Out [Official Music Video],Music,636364,5688,4m 14s
e069XIFk9K4,Everything is gone...,Autos & Vehicles,460250,4270,17m 50s
dprcKCAmsTI,IT'S WEDDING WEEKEND!!! The Rehearsal & Welcome Party!!,People & Blogs,122350,371,23m 50s
aVKXPYisye8,"Simon Says survive to win 10,000 v-bucks!",Gaming,614947,772,24m 43s
bv-kwQTU-m8,Monterrey vs. Inter Miami CF Highlights | FOX Soccer,Sports,278833,1773,4m 55s
kIcZiVNC-sE,The 2025 Toyota 4Runner is HERE! First look,People & Blogs,340881,967,11m 13s
tcdKEy-aJ6o,Star Wars Outlaws: Official Story Trailer,Gaming,1492087,10873,2m 46s
SrlwvbAMEA0,DThang - Many Opps ( official music video ),People & Blogs,207055,1296,2m 42s
ymm4Ej0ocBw,2025 Toyota 4Runner Reveal & Overview | Toyota,Autos & Vehicles,318265,1051,8m 42s
kmtbk0siRIM,2025 Toyota 4Runner FULL Tour: It's Finally Here!,Autos & Vehicles,815799,3421,27m 49s
amHIb5BL6gE,I Cheated With SCARY CAMERA In Build Battle...,Gaming,311599,263,23m 46s
crGbURdPRsc,We Played a YouTuber Simulator,Gaming,1248128,1391,23m 51s
6VChofV3d0E,Helldivers 2 Review | TRIPLE THE DEFENSE BUDGET | Starship Bloopers,Gaming,946608,3359,15m 15s
o9Z0gK-QiJc,JOJO SIWA: The Woman Behind The Bow,Entertainment,140798,414,6m 29s
fPAeRGBDrBM,DRIVING MARCUS RASHFORDS WRECKED ROLLS ROYCE FOR THE FIRST TIME,Autos & Vehicles,3116854,5121,36m 9s
NLvYMoxXze4,Risk of Rain 2 - Devotion Update,Gaming,182085,352,0m 38s
xamGwv3zPCU,"Julian Newman, D‚ÄôAydrian, Paul Pierce vs Josh Richards, Cash Nasty, Demarcus Cousins!",Sports,139216,701,16m 55s
jyIm-_Na8mI,Destiny 2: The Final Shape Developer Gameplay Preview,Gaming,581411,2863,21m 11s
fampr-iP_y4,Final Shape: Prismatic Subclasses. 2 Exotics at once. New enemy types. They actually cooked.,Gaming,252666,1156,20m 51s
yvB5gQVyVtI,Detailed Look! All New 2025 6th Gen Toyota 4Runner TRD Pro!,Autos & Vehicles,117731,801,14m 31s
F_HOrMmWoMA,"The ""Artificial Intelligence"" Rice Cooker.",Science & Technology,299484,1648,9m 12s
3qSm4fmEQFA,ASMR Scratching Your Back Until You Sleep,Entertainment,237888,566,26m 7s
Snz_0-NC_Bo,Surprising Zach With a Giant Shrek Cake,Comedy,398867,1159,21m 9s
8xhehywx29k,J. Cole Apologized,Music,450361,3543,8m 45s
KUT2IstU7Ig,Gift Swap Challenge at Five Below! - Merrell Twins,Comedy,182523,383,22m 3s
UJHejXUP4io,I Played My FIRST EVER Professional Game! (Project NFL Ep. 8),Entertainment,981216,1671,18m 12s
CToHJvXEO_A,Something Needs to Change‚Ä¶ my first week living at home,People & Blogs,300580,2378,38m 11s
VhS3ju_oLOk,Giannis Grabs Achilles and Limps Off After Non Contact Injury - Doctor Explains,Sports,159745,521,7m 30s
8f-S01gjqI8,Transformers: The Last Knight - Cosmonaut Picture Show,Entertainment,335354,1510,34m 51s
